Roll,Name,Math,Science,Computer,Perc
1,Ronish,5,95,96,65.33333333333333
2,Sam,95,98,65,86.0
3,Kai,65,69,89,74.33333333333333
4,Niro,95,96,89,93.33333333333333
